GEO.id,GEO.id2,GEO.display-label,HD01_VD01,HD02_VD01
0600000US3400100000,3400100000,"County subdivisions not defined, Atlantic County, New Jersey",,
0600000US3400100100,3400100100,"Absecon city, Atlantic County, New Jersey",63887,10922
0600000US3400102080,3400102080,"Atlantic City city, Atlantic County, New Jersey",26006,1641
0600000US3400107810,3400107810,"Brigantine city, Atlantic County, New Jersey",65724,6858
0600000US3400108680,3400108680,"Buena borough, Atlantic County, New Jersey",50804,14991
0600000US3400108710,3400108710,"Buena Vista township, Atlantic County, New Jersey",58942,8820
0600000US3400115160,3400115160,"Corbin City city, Atlantic County, New Jersey",65313,16085
0600000US3400120290,3400120290,"Egg Harbor township, Atlantic County, New Jersey",78099,6434
0600000US3400120350,3400120350,"Egg Harbor City city, Atlantic County, New Jersey",50720,5460
0600000US3400121870,3400121870,"Estell Manor city, Atlantic County, New Jersey",85313,11236
0600000US3400123940,3400123940,"Folsom borough, Atlantic County, New Jersey",69712,3412
0600000US3400125560,3400125560,"Galloway township, Atlantic County, New Jersey",65000,5234
0600000US3400129280,3400129280,"Hamilton township, Atlantic County, New Jersey",65084,6525
0600000US3400129430,3400129430,"Hammonton town, Atlantic County, New Jersey",68655,6019
0600000US3400140530,3400140530,"Linwood city, Atlantic County, New Jersey",91861,6903
0600000US3400141370,3400141370,"Longport borough, Atlantic County, New Jersey",106719,25875
0600000US3400143890,3400143890,"Margate City city, Atlantic County, New Jersey",69896,8597
0600000US3400149410,3400149410,"Mullica township, Atlantic County, New Jersey",73995,9704
0600000US3400152950,3400152950,"Northfield city, Atlantic County, New Jersey",73586,6898
0600000US3400159640,3400159640,"Pleasantville city, Atlantic County, New Jersey",39924,3692
0600000US3400160600,3400160600,"Port Republic city, Atlantic County, New Jersey",101500,16228
0600000US3400168430,3400168430,"Somers Point city, Atlantic County, New Jersey",52397,4804
0600000US3400175620,3400175620,"Ventnor City city, Atlantic County, New Jersey",52799,5151
0600000US3400180330,3400180330,"Weymouth township, Atlantic County, New Jersey",61111,6012
0600000US3400300700,3400300700,"Allendale borough, Bergen County, New Jersey",151875,8953
0600000US3400301090,3400301090,"Alpine borough, Bergen County, New Jersey",118977,20136
0600000US3400305170,3400305170,"Bergenfield borough, Bergen County, New Jersey",90962,8315
0600000US3400306490,3400306490,"Bogota borough, Bergen County, New Jersey",79356,4596
0600000US3400310480,3400310480,"Carlstadt borough, Bergen County, New Jersey",89419,27751
0600000US3400313570,3400313570,"Cliffside Park borough, Bergen County, New Jersey",67799,7665
0600000US3400313810,3400313810,"Closter borough, Bergen County, New Jersey",130670,9840
0600000US3400315820,3400315820,"Cresskill borough, Bergen County, New Jersey",136250,22675
0600000US3400317530,3400317530,"Demarest borough, Bergen County, New Jersey",149271,15762
0600000US3400318400,3400318400,"Dumont borough, Bergen County, New Jersey",94617,8727
0600000US3400319510,3400319510,"East Rutherford borough, Bergen County, New Jersey",77400,14093
0600000US3400320020,3400320020,"Edgewater borough, Bergen County, New Jersey",103505,10646
0600000US3400321300,3400321300,"Elmwood Park borough, Bergen County, New Jersey",76907,5709
0600000US3400321450,3400321450,"Emerson borough, Bergen County, New Jersey",111536,15931
0600000US3400321480,3400321480,"Englewood city, Bergen County, New Jersey",80670,5745
0600000US3400321510,3400321510,"Englewood Cliffs borough, Bergen County, New Jersey",134629,18000
0600000US3400322470,3400322470,"Fair Lawn borough, Bergen County, New Jersey",109747,5591
0600000US3400322560,3400322560,"Fairview borough, Bergen County, New Jersey",56057,3131
0600000US3400324420,3400324420,"Fort Lee borough, Bergen County, New Jersey",76578,4670
0600000US3400324990,3400324990,"Franklin Lakes borough, Bergen County, New Jersey",155458,18389
0600000US3400325770,3400325770,"Garfield city, Bergen County, New Jersey",54063,2799
0600000US3400326640,3400326640,"Glen Rock borough, Bergen County, New Jersey",162443,19874
0600000US3400328680,3400328680,"Hackensack city, Bergen County, New Jersey",59277,5049
0600000US3400330150,3400330150,"Harrington Park borough, Bergen County, New Jersey",127188,11616
0600000US3400330420,3400330420,"Hasbrouck Heights borough, Bergen County, New Jersey",87800,11077
0600000US3400330540,3400330540,"Haworth borough, Bergen County, New Jersey",170417,22319
0600000US3400331920,3400331920,"Hillsdale borough, Bergen County, New Jersey",124844,10903
0600000US3400332310,3400332310,"Ho-Ho-Kus borough, Bergen County, New Jersey",176518,22337
0600000US3400340020,3400340020,"Leonia borough, Bergen County, New Jersey",89744,10433
0600000US3400340680,3400340680,"Little Ferry borough, Bergen County, New Jersey",61341,8215
0600000US3400341100,3400341100,"Lodi borough, Bergen County, New Jersey",57188,5017
0600000US3400342090,3400342090,"Lyndhurst township, Bergen County, New Jersey",73218,4857
0600000US3400342750,3400342750,"Mahwah township, Bergen County, New Jersey",107215,7156
0600000US3400344880,3400344880,"Maywood borough, Bergen County, New Jersey",86100,6281
0600000US3400346110,3400346110,"Midland Park borough, Bergen County, New Jersey",105313,13250
0600000US3400347610,3400347610,"Montvale borough, Bergen County, New Jersey",120060,19555
0600000US3400347700,3400347700,"Moonachie borough, Bergen County, New Jersey",59700,23927
0600000US3400351660,3400351660,"New Milford borough, Bergen County, New Jersey",84025,7947
0600000US3400352320,3400352320,"North Arlington borough, Bergen County, New Jersey",74481,8135
0600000US3400353430,3400353430,"Northvale borough, Bergen County, New Jersey",92650,8646
0600000US3400353610,3400353610,"Norwood borough, Bergen County, New Jersey",125417,15035
0600000US3400353850,3400353850,"Oakland borough, Bergen County, New Jersey",112944,6615
0600000US3400354870,3400354870,"Old Tappan borough, Bergen County, New Jersey",141185,18904
0600000US3400354990,3400354990,"Oradell borough, Bergen County, New Jersey",137583,22584
0600000US3400355770,3400355770,"Palisades Park borough, Bergen County, New Jersey",64589,3562
0600000US3400355950,3400355950,"Paramus borough, Bergen County, New Jersey",105114,8202
0600000US3400356130,3400356130,"Park Ridge borough, Bergen County, New Jersey",106875,8055
0600000US3400361680,3400361680,"Ramsey borough, Bergen County, New Jersey",137768,11636
0600000US3400362910,3400362910,"Ridgefield borough, Bergen County, New Jersey",66690,12666
0600000US3400362940,3400362940,"Ridgefield Park village, Bergen County, New Jersey",72191,5804
0600000US3400363000,3400363000,"Ridgewood village, Bergen County, New Jersey",162011,13775
0600000US3400363360,3400363360,"River Edge borough, Bergen County, New Jersey",123590,20240
0600000US3400363690,3400363690,"River Vale township, Bergen County, New Jersey",138914,15023
0600000US3400363990,3400363990,"Rochelle Park township, Bergen County, New Jersey",78333,11765
0600000US3400364170,3400364170,"Rockleigh borough, Bergen County, New Jersey",158594,29565
0600000US3400365280,3400365280,"Rutherford borough, Bergen County, New Jersey",93787,10481
0600000US3400365340,3400365340,"Saddle Brook township, Bergen County, New Jersey",94177,12918
0600000US3400365400,3400365400,"Saddle River borough, Bergen County, New Jersey",173333,59890
0600000US3400368970,3400368970,"South Hackensack township, Bergen County, New Jersey",65156,12515
0600000US3400372360,3400372360,"Teaneck township, Bergen County, New Jersey",106411,5954
0600000US3400372420,3400372420,"Tenafly borough, Bergen County, New Jersey",153906,20482
0600000US3400372480,3400372480,"Teterboro borough, Bergen County, New Jersey",,
0600000US3400375140,3400375140,"Upper Saddle River borough, Bergen County, New Jersey",176674,22474
0600000US3400376400,3400376400,"Waldwick borough, Bergen County, New Jersey",115591,11512
0600000US3400376490,3400376490,"Wallington borough, Bergen County, New Jersey",62648,4921
0600000US3400377135,3400377135,"Washington township, Bergen County, New Jersey",128750,16435
0600000US3400380270,3400380270,"Westwood borough, Bergen County, New Jersey",95685,9857
0600000US3400382300,3400382300,"Woodcliff Lake borough, Bergen County, New Jersey",161250,26558
0600000US3400382570,3400382570,"Wood-Ridge borough, Bergen County, New Jersey",102283,11183
0600000US3400383050,3400383050,"Wyckoff township, Bergen County, New Jersey",147463,5475
0600000US3400503370,3400503370,"Bass River township, Burlington County, New Jersey",66193,8915
0600000US3400505740,3400505740,"Beverly city, Burlington County, New Jersey",48583,10202
0600000US3400506670,3400506670,"Bordentown city, Burlington County, New Jersey",76250,11540
0600000US3400506700,3400506700,"Bordentown township, Burlington County, New Jersey",85640,6981
0600000US3400508920,3400508920,"Burlington city, Burlington County, New Jersey",50709,11224
0600000US3400508950,3400508950,"Burlington township, Burlington County, New Jersey",81738,6100
0600000US3400512670,3400512670,"Chesterfield township, Burlington County, New Jersey",142424,15384
0600000US3400512940,3400512940,"Cinnaminson township, Burlington County, New Jersey",97993,7643
0600000US3400517080,3400517080,"Delanco township, Burlington County, New Jersey",79778,8654
0600000US3400517440,3400517440,"Delran township, Burlington County, New Jersey",94321,7341
0600000US3400518790,3400518790,"Eastampton township, Burlington County, New Jersey",90938,12760
0600000US3400520050,3400520050,"Edgewater Park township, Burlington County, New Jersey",65778,5201
0600000US3400522110,3400522110,"Evesham township, Burlington County, New Jersey",94395,4158
0600000US3400523250,3400523250,"Fieldsboro borough, Burlington County, New Jersey",77969,11097
0600000US3400523850,3400523850,"Florence township, Burlington County, New Jersey",81011,4875
0600000US3400529010,3400529010,"Hainesport township, Burlington County, New Jersey",97420,10822
0600000US3400542060,3400542060,"Lumberton township, Burlington County, New Jersey",84558,4714
0600000US3400543290,3400543290,"Mansfield township, Burlington County, New Jersey",87704,9074
0600000US3400543740,3400543740,"Maple Shade township, Burlington County, New Jersey",57460,6788
0600000US3400545120,3400545120,"Medford township, Burlington County, New Jersey",113469,7197
0600000US3400545210,3400545210,"Medford Lakes borough, Burlington County, New Jersey",105598,9925
0600000US3400547880,3400547880,"Moorestown township, Burlington County, New Jersey",133902,13155
0600000US3400548900,3400548900,"Mount Holly township, Burlington County, New Jersey",60656,9601
0600000US3400549020,3400549020,"Mount Laurel township, Burlington County, New Jersey",92826,2658
0600000US3400551510,3400551510,"New Hanover township, Burlington County, New Jersey",83646,9678
0600000US3400553070,3400553070,"North Hanover township, Burlington County, New Jersey",63417,4290
0600000US3400555800,3400555800,"Palmyra borough, Burlington County, New Jersey",68307,6628
0600000US3400557480,3400557480,"Pemberton borough, Burlington County, New Jersey",67750,14767
0600000US3400557510,3400557510,"Pemberton township, Burlington County, New Jersey",62024,3127
0600000US3400563510,3400563510,"Riverside township, Burlington County, New Jersey",60885,3455
0600000US3400563660,3400563660,"Riverton borough, Burlington County, New Jersey",95288,9866
0600000US3400566810,3400566810,"Shamong township, Burlington County, New Jersey",102316,17899
0600000US3400568610,3400568610,"Southampton township, Burlington County, New Jersey",57439,3248
0600000US3400569990,3400569990,"Springfield township, Burlington County, New Jersey",108875,10714
0600000US3400572060,3400572060,"Tabernacle township, Burlington County, New Jersey",99549,13223
0600000US3400577150,3400577150,"Washington township, Burlington County, New Jersey",67143,7120
0600000US3400578200,3400578200,"Westampton township, Burlington County, New Jersey",105000,24173
0600000US3400581440,3400581440,"Willingboro township, Burlington County, New Jersey",70967,3212
0600000US3400582420,3400582420,"Woodland township, Burlington County, New Jersey",95074,7125
0600000US3400582960,3400582960,"Wrightstown borough, Burlington County, New Jersey",43125,16312
0600000US3400702200,3400702200,"Audubon borough, Camden County, New Jersey",80925,6299
0600000US3400702230,3400702230,"Audubon Park borough, Camden County, New Jersey",49250,8535
0600000US3400703250,3400703250,"Barrington borough, Camden County, New Jersey",72602,11267
0600000US3400704750,3400704750,"Bellmawr borough, Camden County, New Jersey",49713,6849
0600000US3400705440,3400705440,"Berlin borough, Camden County, New Jersey",90354,7827
0600000US3400705470,3400705470,"Berlin township, Camden County, New Jersey",59122,11075
0600000US3400708170,3400708170,"Brooklawn borough, Camden County, New Jersey",62697,5240
0600000US3400710000,3400710000,"Camden city, Camden County, New Jersey",26105,1906
0600000US3400712280,3400712280,"Cherry Hill township, Camden County, New Jersey",97069,3534
0600000US3400712550,3400712550,"Chesilhurst borough, Camden County, New Jersey",52000,7779
0600000US3400713420,3400713420,"Clementon borough, Camden County, New Jersey",52634,13213
0600000US3400714260,3400714260,"Collingswood borough, Camden County, New Jersey",64885,7178
0600000US3400726070,3400726070,"Gibbsboro borough, Camden County, New Jersey",84250,7746
0600000US3400726760,3400726760,"Gloucester township, Camden County, New Jersey",73701,2191
0600000US3400726820,3400726820,"Gloucester City city, Camden County, New Jersey",51152,5940
0600000US3400728740,3400728740,"Haddon township, Camden County, New Jersey",86360,3907
0600000US3400728770,3400728770,"Haddonfield borough, Camden County, New Jersey",138920,11194
0600000US3400728800,3400728800,"Haddon Heights borough, Camden County, New Jersey",90387,6357
0600000US3400732220,3400732220,"Hi-Nella borough, Camden County, New Jersey",45132,4867
0600000US3400739210,3400739210,"Laurel Springs borough, Camden County, New Jersey",82250,10584
0600000US3400739420,3400739420,"Lawnside borough, Camden County, New Jersey",64103,5268
0600000US3400740440,3400740440,"Lindenwold borough, Camden County, New Jersey",41346,3931
0600000US3400742630,3400742630,"Magnolia borough, Camden County, New Jersey",53938,12226
0600000US3400745510,3400745510,"Merchantville borough, Camden County, New Jersey",70563,14495
0600000US3400748750,3400748750,"Mount Ephraim borough, Camden County, New Jersey",67340,10446
0600000US3400753880,3400753880,"Oaklyn borough, Camden County, New Jersey",65301,6382
0600000US3400757660,3400757660,"Pennsauken township, Camden County, New Jersey",67495,4260
0600000US3400758770,3400758770,"Pine Hill borough, Camden County, New Jersey",51286,6224
0600000US3400758920,3400758920,"Pine Valley borough, Camden County, New Jersey",,
0600000US3400765160,3400765160,"Runnemede borough, Camden County, New Jersey",61104,4019
0600000US3400768340,3400768340,"Somerdale borough, Camden County, New Jersey",61964,6312
0600000US3400771220,3400771220,"Stratford borough, Camden County, New Jersey",72955,7049
0600000US3400772240,3400772240,"Tavistock borough, Camden County, New Jersey",,
0600000US3400776220,3400776220,"Voorhees township, Camden County, New Jersey",85199,7090
0600000US3400777630,3400777630,"Waterford township, Camden County, New Jersey",89898,10002
0600000US3400781740,3400781740,"Winslow township, Camden County, New Jersey",76640,4708
0600000US3400782450,3400782450,"Woodlynne borough, Camden County, New Jersey",45201,6257
0600000US3400900000,3400900000,"County subdivisions not defined, Cape May County, New Jersey",,
0600000US3400902320,3400902320,"Avalon borough, Cape May County, New Jersey",90000,9028
0600000US3400910270,3400910270,"Cape May city, Cape May County, New Jersey",58958,18068
0600000US3400910330,3400910330,"Cape May Point borough, Cape May County, New Jersey",46964,6280
0600000US3400917560,3400917560,"Dennis township, Cape May County, New Jersey",67024,9765
0600000US3400941610,3400941610,"Lower township, Cape May County, New Jersey",60234,3355
0600000US3400945810,3400945810,"Middle township, Cape May County, New Jersey",62249,4543
0600000US3400953490,3400953490,"North Wildwood city, Cape May County, New Jersey",45629,5129
0600000US3400954360,3400954360,"Ocean City city, Cape May County, New Jersey",72715,7038
0600000US3400966390,3400966390,"Sea Isle City city, Cape May County, New Jersey",72153,10751
0600000US3400971010,3400971010,"Stone Harbor borough, Cape May County, New Jersey",101406,6381
0600000US3400974810,3400974810,"Upper township, Cape May County, New Jersey",81541,3666
0600000US3400978530,3400978530,"West Cape May borough, Cape May County, New Jersey",61250,11249
0600000US3400980210,3400980210,"West Wildwood borough, Cape May County, New Jersey",52396,15553
0600000US3400981170,3400981170,"Wildwood city, Cape May County, New Jersey",29945,4224
0600000US3400981200,3400981200,"Wildwood Crest borough, Cape May County, New Jersey",59436,13134
0600000US3400981890,3400981890,"Woodbine borough, Cape May County, New Jersey",41111,14041
0600000US3401100000,3401100000,"County subdivisions not defined, Cumberland County, New Jersey",,
0600000US3401107600,3401107600,"Bridgeton city, Cumberland County, New Jersey",34135,3564
0600000US3401114710,3401114710,"Commercial township, Cumberland County, New Jersey",38750,10907
0600000US3401116900,3401116900,"Deerfield township, Cumberland County, New Jersey",65625,8015
0600000US3401118220,3401118220,"Downe township, Cumberland County, New Jersey",48011,9461
0600000US3401122350,3401122350,"Fairfield township, Cumberland County, New Jersey",52602,3919
0600000US3401128170,3401128170,"Greenwich township, Cumberland County, New Jersey",71250,8358
0600000US3401133120,3401133120,"Hopewell township, Cumberland County, New Jersey",77625,12035
0600000US3401139450,3401139450,"Lawrence township, Cumberland County, New Jersey",73277,8250
0600000US3401144580,3401144580,"Maurice River township, Cumberland County, New Jersey",72455,7370
0600000US3401146680,3401146680,"Millville city, Cumberland County, New Jersey",49950,3731
0600000US3401167020,3401167020,"Shiloh borough, Cumberland County, New Jersey",54375,10731
0600000US3401171160,3401171160,"Stow Creek township, Cumberland County, New Jersey",69896,9547
0600000US3401174870,3401174870,"Upper Deerfield township, Cumberland County, New Jersey",49724,6624
0600000US3401176070,3401176070,"Vineland city, Cumberland County, New Jersey",51113,2487
0600000US3401304695,3401304695,"Belleville township, Essex County, New Jersey",67292,4645
0600000US3401306260,3401306260,"Bloomfield township, Essex County, New Jersey",74961,3004
0600000US3401309250,3401309250,"Caldwell borough, Essex County, New Jersey",85162,12459
0600000US3401311200,3401311200,"Cedar Grove township, Essex County, New Jersey",115926,7190
0600000US3401313045,3401313045,"City of Orange township, Essex County, New Jersey",38645,3586
0600000US3401319390,3401319390,"East Orange city, Essex County, New Jersey",41819,1897
0600000US3401321840,3401321840,"Essex Fells borough, Essex County, New Jersey",200875,23724
0600000US3401322385,3401322385,"Fairfield township, Essex County, New Jersey",110303,22124
0600000US3401326610,3401326610,"Glen Ridge borough, Essex County, New Jersey",196821,22117
0600000US3401334450,3401334450,"Irvington township, Essex County, New Jersey",39734,2145
0600000US3401340890,3401340890,"Livingston township, Essex County, New Jersey",153381,8904
0600000US3401343800,3401343800,"Maplewood township, Essex County, New Jersey",126000,14187
0600000US3401346380,3401346380,"Millburn township, Essex County, New Jersey",202862,17159
0600000US3401347500,3401347500,"Montclair township, Essex County, New Jersey",113293,4967
0600000US3401351000,3401351000,"Newark city, Essex County, New Jersey",34826,922
0600000US3401352620,3401352620,"North Caldwell borough, Essex County, New Jersey",187470,19094
0600000US3401353680,3401353680,"Nutley township, Essex County, New Jersey",93691,5605
0600000US3401364590,3401364590,"Roseland borough, Essex County, New Jersey",110208,19364
0600000US3401369274,3401369274,"South Orange Village township, Essex County, New Jersey",121637,8151
0600000US3401375815,3401375815,"Verona township, Essex County, New Jersey",113423,9310
0600000US3401378510,3401378510,"West Caldwell township, Essex County, New Jersey",105931,7186
0600000US3401379800,3401379800,"West Orange township, Essex County, New Jersey",93954,5090
0600000US3401513360,3401513360,"Clayton borough, Gloucester County, New Jersey",65595,15025
0600000US3401517710,3401517710,"Deptford township, Gloucester County, New Jersey",67983,2665
0600000US3401519180,3401519180,"East Greenwich township, Gloucester County, New Jersey",123118,13288
0600000US3401521060,3401521060,"Elk township, Gloucester County, New Jersey",81649,16697
0600000US3401524840,3401524840,"Franklin township, Gloucester County, New Jersey",81057,4576
0600000US3401526340,3401526340,"Glassboro borough, Gloucester County, New Jersey",69000,7286
0600000US3401528185,3401528185,"Greenwich township, Gloucester County, New Jersey",70255,5614
0600000US3401530180,3401530180,"Harrison township, Gloucester County, New Jersey",130491,7965
0600000US3401541160,3401541160,"Logan township, Gloucester County, New Jersey",105804,11409
0600000US3401543440,3401543440,"Mantua township, Gloucester County, New Jersey",93601,4833
0600000US3401547250,3401547250,"Monroe township, Gloucester County, New Jersey",74800,3502
0600000US3401549680,3401549680,"National Park borough, Gloucester County, New Jersey",61397,7613
0600000US3401551390,3401551390,"Newfield borough, Gloucester County, New Jersey",74226,8256
0600000US3401557150,3401557150,"Paulsboro borough, Gloucester County, New Jersey",46429,10951
0600000US3401559070,3401559070,"Pitman borough, Gloucester County, New Jersey",73538,7406
0600000US3401569030,3401569030,"South Harrison township, Gloucester County, New Jersey",121406,9600
0600000US3401571850,3401571850,"Swedesboro borough, Gloucester County, New Jersey",78267,9952
0600000US3401577180,3401577180,"Washington township, Gloucester County, New Jersey",91149,3219
0600000US3401578110,3401578110,"Wenonah borough, Gloucester County, New Jersey",110694,19447
0600000US3401578800,3401578800,"West Deptford township, Gloucester County, New Jersey",71705,3502
0600000US3401580120,3401580120,"Westville borough, Gloucester County, New Jersey",54375,13250
0600000US3401582120,3401582120,"Woodbury city, Gloucester County, New Jersey",53618,7066
0600000US3401582180,3401582180,"Woodbury Heights borough, Gloucester County, New Jersey",80444,9798
0600000US3401582840,3401582840,"Woolwich township, Gloucester County, New Jersey",123347,4484
0600000US3401703580,3401703580,"Bayonne city, Hudson County, New Jersey",56701,3179
0600000US3401719360,3401719360,"East Newark borough, Hudson County, New Jersey",59313,9423
0600000US3401728650,3401728650,"Guttenberg town, Hudson County, New Jersey",54471,4848
0600000US3401730210,3401730210,"Harrison town, Hudson County, New Jersey",61168,3447
0600000US3401732250,3401732250,"Hoboken city, Hudson County, New Jersey",127523,4550
0600000US3401736000,3401736000,"Jersey City city, Hudson County, New Jersey",62739,1642
0600000US3401736510,3401736510,"Kearny town, Hudson County, New Jersey",63271,3383
0600000US3401752470,3401752470,"North Bergen township, Hudson County, New Jersey",57269,2811
0600000US3401766570,3401766570,"Secaucus town, Hudson County, New Jersey",99883,8566
0600000US3401774630,3401774630,"Union City city, Hudson County, New Jersey",43424,1814
0600000US3401777930,3401777930,"Weehawken township, Hudson County, New Jersey",84841,12887
0600000US3401779610,3401779610,"West New York town, Hudson County, New Jersey",50477,3279
0600000US3401900550,3401900550,"Alexandria township, Hunterdon County, New Jersey",138039,17958
0600000US3401905650,3401905650,"Bethlehem township, Hunterdon County, New Jersey",127083,22225
0600000US3401906370,3401906370,"Bloomsbury borough, Hunterdon County, New Jersey",80536,12303
0600000US3401909280,3401909280,"Califon borough, Hunterdon County, New Jersey",94531,11618
0600000US3401913720,3401913720,"Clinton town, Hunterdon County, New Jersey",103125,19181
0600000US3401913750,3401913750,"Clinton township, Hunterdon County, New Jersey",135326,13712
0600000US3401917170,3401917170,"Delaware township, Hunterdon County, New Jersey",124151,14495
0600000US3401918820,3401918820,"East Amwell township, Hunterdon County, New Jersey",107356,28991
0600000US3401923700,3401923700,"Flemington borough, Hunterdon County, New Jersey",60869,4171
0600000US3401924870,3401924870,"Franklin township, Hunterdon County, New Jersey",108309,9729
0600000US3401925350,3401925350,"Frenchtown borough, Hunterdon County, New Jersey",73438,10843
0600000US3401926550,3401926550,"Glen Gardner borough, Hunterdon County, New Jersey",67625,10576
0600000US3401929460,3401929460,"Hampton borough, Hunterdon County, New Jersey",70833,10958
0600000US3401931320,3401931320,"High Bridge borough, Hunterdon County, New Jersey",92961,13152
0600000US3401932460,3401932460,"Holland township, Hunterdon County, New Jersey",94766,9397
0600000US3401937065,3401937065,"Kingwood township, Hunterdon County, New Jersey",112139,20243
0600000US3401938610,3401938610,"Lambertville city, Hunterdon County, New Jersey",84231,23396
0600000US3401939630,3401939630,"Lebanon borough, Hunterdon County, New Jersey",87837,15733
0600000US3401939660,3401939660,"Lebanon township, Hunterdon County, New Jersey",110127,7234
0600000US3401946260,3401946260,"Milford borough, Hunterdon County, New Jersey",78047,11291
0600000US3401961920,3401961920,"Raritan township, Hunterdon County, New Jersey",120644,8440
0600000US3401962250,3401962250,"Readington township, Hunterdon County, New Jersey",133320,7119
0600000US3401970980,3401970980,"Stockton borough, Hunterdon County, New Jersey",108309,19437
0600000US3401972510,3401972510,"Tewksbury township, Hunterdon County, New Jersey",161477,29274
0600000US3401974420,3401974420,"Union township, Hunterdon County, New Jersey",108333,21271
0600000US3401978230,3401978230,"West Amwell township, Hunterdon County, New Jersey",110000,12687
0600000US3402119780,3402119780,"East Windsor township, Mercer County, New Jersey",85636,4399
0600000US3402122185,3402122185,"Ewing township, Mercer County, New Jersey",74534,4353
0600000US3402129310,3402129310,"Hamilton township, Mercer County, New Jersey",73415,3036
0600000US3402131620,3402131620,"Hightstown borough, Mercer County, New Jersey",72973,12408
0600000US3402133150,3402133150,"Hopewell borough, Mercer County, New Jersey",113125,23423
0600000US3402133180,3402133180,"Hopewell township, Mercer County, New Jersey",129320,8997
0600000US3402139510,3402139510,"Lawrence township, Mercer County, New Jersey",96529,6938
0600000US3402157600,3402157600,"Pennington borough, Mercer County, New Jersey",121667,11637
0600000US3402160900,3402160900,"Princeton, Mercer County, New Jersey",125506,8081
0600000US3402163850,3402163850,"Robbinsville township, Mercer County, New Jersey",137313,15215
0600000US3402174000,3402174000,"Trenton city, Mercer County, New Jersey",35524,1742
0600000US3402180240,3402180240,"West Windsor township, Mercer County, New Jersey",175684,11669
0600000US3402310750,3402310750,"Carteret borough, Middlesex County, New Jersey",73892,3652
0600000US3402315550,3402315550,"Cranbury township, Middlesex County, New Jersey",138906,31006
0600000US3402318490,3402318490,"Dunellen borough, Middlesex County, New Jersey",78447,11716
0600000US3402319000,3402319000,"East Brunswick township, Middlesex County, New Jersey",105959,4275
0600000US3402320230,3402320230,"Edison township, Middlesex County, New Jersey",95622,2117
0600000US3402330840,3402330840,"Helmetta borough, Middlesex County, New Jersey",79702,13672
0600000US3402331470,3402331470,"Highland Park borough, Middlesex County, New Jersey",75913,7369
0600000US3402334890,3402334890,"Jamesburg borough, Middlesex County, New Jersey",83095,15147
0600000US3402345690,3402345690,"Metuchen borough, Middlesex County, New Jersey",116632,6736
0600000US3402345900,3402345900,"Middlesex borough, Middlesex County, New Jersey",73196,9736
0600000US3402346620,3402346620,"Milltown borough, Middlesex County, New Jersey",99704,13923
0600000US3402347280,3402347280,"Monroe township, Middlesex County, New Jersey",78263,4791
0600000US3402351210,3402351210,"New Brunswick city, Middlesex County, New Jersey",38413,4458
0600000US3402352560,3402352560,"North Brunswick township, Middlesex County, New Jersey",88723,5197
0600000US3402354705,3402354705,"Old Bridge township, Middlesex County, New Jersey",88540,4724
0600000US3402358200,3402358200,"Perth Amboy city, Middlesex County, New Jersey",50883,2126
0600000US3402359010,3402359010,"Piscataway township, Middlesex County, New Jersey",89617,3973
0600000US3402359280,3402359280,"Plainsboro township, Middlesex County, New Jersey",101993,7686
0600000US3402365790,3402365790,"Sayreville borough, Middlesex County, New Jersey",79620,3461
0600000US3402368550,3402368550,"South Amboy city, Middlesex County, New Jersey",65074,15642
0600000US3402368790,3402368790,"South Brunswick township, Middlesex County, New Jersey",113815,4731
0600000US3402369390,3402369390,"South Plainfield borough, Middlesex County, New Jersey",91889,7427
0600000US3402369420,3402369420,"South River borough, Middlesex County, New Jersey",62332,3748
0600000US3402369810,3402369810,"Spotswood borough, Middlesex County, New Jersey",75226,6540
0600000US3402382000,3402382000,"Woodbridge township, Middlesex County, New Jersey",83266,1913
0600000US3402500000,3402500000,"County subdivisions not defined, Monmouth County, New Jersey",,
0600000US3402500070,3402500070,"Aberdeen township, Monmouth County, New Jersey",93016,3970
0600000US3402500730,3402500730,"Allenhurst borough, Monmouth County, New Jersey",100781,20800
0600000US3402500760,3402500760,"Allentown borough, Monmouth County, New Jersey",96154,7718
0600000US3402501960,3402501960,"Asbury Park city, Monmouth County, New Jersey",39324,3111
0600000US3402502110,3402502110,"Atlantic Highlands borough, Monmouth County, New Jersey",95284,13696
0600000US3402502440,3402502440,"Avon-by-the-Sea borough, Monmouth County, New Jersey",78323,5520
0600000US3402504930,3402504930,"Belmar borough, Monmouth County, New Jersey",74942,5920
0600000US3402506970,3402506970,"Bradley Beach borough, Monmouth County, New Jersey",61209,10486
0600000US3402507750,3402507750,"Brielle borough, Monmouth County, New Jersey",133493,9284
0600000US3402514560,3402514560,"Colts Neck township, Monmouth County, New Jersey",167480,21662
0600000US3402516660,3402516660,"Deal borough, Monmouth County, New Jersey",78194,12925
0600000US3402519840,3402519840,"Eatontown borough, Monmouth County, New Jersey",66470,6202
0600000US3402521570,3402521570,"Englishtown borough, Monmouth County, New Jersey",77992,6977
0600000US3402522440,3402522440,"Fair Haven borough, Monmouth County, New Jersey",158264,18474
0600000US3402522950,3402522950,"Farmingdale borough, Monmouth County, New Jersey",58875,8644
0600000US3402525200,3402525200,"Freehold borough, Monmouth County, New Jersey",57717,6696
0600000US3402525230,3402525230,"Freehold township, Monmouth County, New Jersey",99827,6708
0600000US3402530690,3402530690,"Hazlet township, Monmouth County, New Jersey",94657,5069
0600000US3402531500,3402531500,"Highlands borough, Monmouth County, New Jersey",60817,11363
0600000US3402532640,3402532640,"Holmdel township, Monmouth County, New Jersey",155842,13722
0600000US3402533300,3402533300,"Howell township, Monmouth County, New Jersey",100305,4089
0600000US3402534200,3402534200,"Interlaken borough, Monmouth County, New Jersey",145893,19806
0600000US3402536480,3402536480,"Keansburg borough, Monmouth County, New Jersey",46250,10105
0600000US3402536810,3402536810,"Keyport borough, Monmouth County, New Jersey",56935,5896
0600000US3402537560,3402537560,"Lake Como borough, Monmouth County, New Jersey",74861,10275
0600000US3402540770,3402540770,"Little Silver borough, Monmouth County, New Jersey",144250,16223
0600000US3402541010,3402541010,"Loch Arbour village, Monmouth County, New Jersey",113333,29444
0600000US3402541310,3402541310,"Long Branch city, Monmouth County, New Jersey",54398,5010
0600000US3402542990,3402542990,"Manalapan township, Monmouth County, New Jersey",109326,6832
0600000US3402543050,3402543050,"Manasquan borough, Monmouth County, New Jersey",106298,19935
0600000US3402544070,3402544070,"Marlboro township, Monmouth County, New Jersey",143208,5986
0600000US3402544520,3402544520,"Matawan borough, Monmouth County, New Jersey",86149,10680
0600000US3402545990,3402545990,"Middletown township, Monmouth County, New Jersey",105035,3964
0600000US3402546560,3402546560,"Millstone township, Monmouth County, New Jersey",156891,14121
0600000US3402547130,3402547130,"Monmouth Beach borough, Monmouth County, New Jersey",107383,20259
0600000US3402549890,3402549890,"Neptune township, Monmouth County, New Jersey",67836,5081
0600000US3402549920,3402549920,"Neptune City borough, Monmouth County, New Jersey",58936,5385
0600000US3402554270,3402554270,"Ocean township, Monmouth County, New Jersey",82941,3813
0600000US3402554570,3402554570,"Oceanport borough, Monmouth County, New Jersey",107571,20160
0600000US3402562430,3402562430,"Red Bank borough, Monmouth County, New Jersey",75114,8545
0600000US3402564410,3402564410,"Roosevelt borough, Monmouth County, New Jersey",100694,11079
0600000US3402565130,3402565130,"Rumson borough, Monmouth County, New Jersey",158229,27036
0600000US3402566240,3402566240,"Sea Bright borough, Monmouth County, New Jersey",84922,11023
0600000US3402566330,3402566330,"Sea Girt borough, Monmouth County, New Jersey",126667,13911
0600000US3402567350,3402567350,"Shrewsbury borough, Monmouth County, New Jersey",122321,17046
0600000US3402567365,3402567365,"Shrewsbury township, Monmouth County, New Jersey",57697,6843
0600000US3402570110,3402570110,"Spring Lake borough, Monmouth County, New Jersey",88679,15499
0600000US3402570140,3402570140,"Spring Lake Heights borough, Monmouth County, New Jersey",78829,8618
0600000US3402573020,3402573020,"Tinton Falls borough, Monmouth County, New Jersey",79206,6744
0600000US3402574540,3402574540,"Union Beach borough, Monmouth County, New Jersey",77324,10249
0600000US3402574900,3402574900,"Upper Freehold township, Monmouth County, New Jersey",133920,14399
0600000US3402576460,3402576460,"Wall township, Monmouth County, New Jersey",101983,4709
0600000US3402579310,3402579310,"West Long Branch borough, Monmouth County, New Jersey",100000,15740
0600000US3402706610,3402706610,"Boonton town, Morris County, New Jersey",91055,7279
0600000US3402706640,3402706640,"Boonton township, Morris County, New Jersey",136125,30106
0600000US3402709040,3402709040,"Butler borough, Morris County, New Jersey",96474,6734
0600000US3402712100,3402712100,"Chatham borough, Morris County, New Jersey",163026,24651
0600000US3402712130,3402712130,"Chatham township, Morris County, New Jersey",176364,23620
0600000US3402712580,3402712580,"Chester borough, Morris County, New Jersey",101375,10731
0600000US3402712610,3402712610,"Chester township, Morris County, New Jersey",153056,21412
0600000US3402717650,3402717650,"Denville township, Morris County, New Jersey",116078,4417
0600000US3402718070,3402718070,"Dover town, Morris County, New Jersey",65538,4112
0600000US3402719210,3402719210,"East Hanover township, Morris County, New Jersey",121769,13304
0600000US3402723910,3402723910,"Florham Park borough, Morris County, New Jersey",123266,14327
0600000US3402729550,3402729550,"Hanover township, Morris County, New Jersey",116020,9786
0600000US3402729700,3402729700,"Harding township, Morris County, New Jersey",183587,40820
0600000US3402734980,3402734980,"Jefferson township, Morris County, New Jersey",97440,6649
0600000US3402737110,3402737110,"Kinnelon borough, Morris County, New Jersey",147267,16322
0600000US3402740290,3402740290,"Lincoln Park borough, Morris County, New Jersey",91285,5854
0600000US3402741362,3402741362,"Long Hill township, Morris County, New Jersey",133269,14386
0600000US3402742510,3402742510,"Madison borough, Morris County, New Jersey",127948,7900
0600000US3402745330,3402745330,"Mendham borough, Morris County, New Jersey",145284,25206
0600000US3402745360,3402745360,"Mendham township, Morris County, New Jersey",185882,31913
0600000US3402746860,3402746860,"Mine Hill township, Morris County, New Jersey",84904,27273
0600000US3402747670,3402747670,"Montville township, Morris County, New Jersey",134752,10170
0600000US3402748090,3402748090,"Morris township, Morris County, New Jersey",142137,10448
0600000US3402748210,3402748210,"Morris Plains borough, Morris County, New Jersey",125229,9199
0600000US3402748300,3402748300,"Morristown town, Morris County, New Jersey",92296,6863
0600000US3402748480,3402748480,"Mountain Lakes borough, Morris County, New Jersey",175556,34635
0600000US3402748690,3402748690,"Mount Arlington borough, Morris County, New Jersey",90625,13575
0600000US3402749080,3402749080,"Mount Olive township, Morris County, New Jersey",86773,5228
0600000US3402750130,3402750130,"Netcong borough, Morris County, New Jersey",56484,11525
0600000US3402756460,3402756460,"Parsippany-Troy Hills township, Morris County, New Jersey",93915,3586
0600000US3402758110,3402758110,"Pequannock township, Morris County, New Jersey",94237,7234
0600000US3402761890,3402761890,"Randolph township, Morris County, New Jersey",128125,9162
0600000US3402763300,3402763300,"Riverdale borough, Morris County, New Jersey",100602,10575
0600000US3402764050,3402764050,"Rockaway borough, Morris County, New Jersey",83714,17059
0600000US3402764080,3402764080,"Rockaway township, Morris County, New Jersey",106599,6856
0600000US3402764980,3402764980,"Roxbury township, Morris County, New Jersey",112625,9290
0600000US3402775890,3402775890,"Victory Gardens borough, Morris County, New Jersey",45938,8338
0600000US3402777240,3402777240,"Washington township, Morris County, New Jersey",140445,12163
0600000US3402780390,3402780390,"Wharton borough, Morris County, New Jersey",68265,13883
0600000US3402900000,3402900000,"County subdivisions not defined, Ocean County, New Jersey",,
0600000US3402903050,3402903050,"Barnegat township, Ocean County, New Jersey",69877,5049
0600000US3402903130,3402903130,"Barnegat Light borough, Ocean County, New Jersey",75000,14041
0600000US3402903520,3402903520,"Bay Head borough, Ocean County, New Jersey",112188,20681
0600000US3402903940,3402903940,"Beach Haven borough, Ocean County, New Jersey",86705,13157
0600000US3402904180,3402904180,"Beachwood borough, Ocean County, New Jersey",72815,5804
0600000US3402905305,3402905305,"Berkeley township, Ocean County, New Jersey",48054,2166
0600000US3402907420,3402907420,"Brick township, Ocean County, New Jersey",73051,2343
0600000US3402918670,3402918670,"Eagleswood township, Ocean County, New Jersey",77708,10658
0600000US3402930390,3402930390,"Harvey Cedars borough, Ocean County, New Jersey",85417,14966
0600000US3402934530,3402934530,"Island Heights borough, Ocean County, New Jersey",82174,5704
0600000US3402934680,3402934680,"Jackson township, Ocean County, New Jersey",88063,5015
0600000US3402937380,3402937380,"Lacey township, Ocean County, New Jersey",78649,6642
0600000US3402937770,3402937770,"Lakehurst borough, Ocean County, New Jersey",62262,12416
0600000US3402938550,3402938550,"Lakewood township, Ocean County, New Jersey",45321,2355
0600000US3402939390,3402939390,"Lavallette borough, Ocean County, New Jersey",68098,11054
0600000US3402940560,3402940560,"Little Egg Harbor township, Ocean County, New Jersey",63590,3212
0600000US3402941250,3402941250,"Long Beach township, Ocean County, New Jersey",82192,3879
0600000US3402943140,3402943140,"Manchester township, Ocean County, New Jersey",41689,2167
0600000US3402943380,3402943380,"Mantoloking borough, Ocean County, New Jersey",108125,30592
0600000US3402954300,3402954300,"Ocean township, Ocean County, New Jersey",67288,4164
0600000US3402954450,3402954450,"Ocean Gate borough, Ocean County, New Jersey",62813,11326
0600000US3402958590,3402958590,"Pine Beach borough, Ocean County, New Jersey",95909,15752
0600000US3402959790,3402959790,"Plumsted township, Ocean County, New Jersey",91438,21252
0600000US3402959880,3402959880,"Point Pleasant borough, Ocean County, New Jersey",93276,11569
0600000US3402959910,3402959910,"Point Pleasant Beach borough, Ocean County, New Jersey",92143,13309
0600000US3402966450,3402966450,"Seaside Heights borough, Ocean County, New Jersey",38306,17594
0600000US3402966480,3402966480,"Seaside Park borough, Ocean County, New Jersey",71641,23315
0600000US3402967110,3402967110,"Ship Bottom borough, Ocean County, New Jersey",73125,12243
0600000US3402969510,3402969510,"South Toms River borough, Ocean County, New Jersey",62500,13189
0600000US3402970320,3402970320,"Stafford township, Ocean County, New Jersey",76527,5938
0600000US3402971640,3402971640,"Surf City borough, Ocean County, New Jersey",77885,9443
0600000US3402973125,3402973125,"Toms River township, Ocean County, New Jersey",76051,3284
0600000US3402974210,3402974210,"Tuckerton borough, Ocean County, New Jersey",57868,15698
0600000US3403106340,3403106340,"Bloomingdale borough, Passaic County, New Jersey",80516,5901
0600000US3403113690,3403113690,"Clifton city, Passaic County, New Jersey",74963,4103
0600000US3403129070,3403129070,"Haledon borough, Passaic County, New Jersey",65033,8982
0600000US3403130570,3403130570,"Hawthorne borough, Passaic County, New Jersey",93675,10724
0600000US3403140620,3403140620,"Little Falls township, Passaic County, New Jersey",85427,14716
0600000US3403153040,3403153040,"North Haledon borough, Passaic County, New Jersey",96851,11109
0600000US3403156550,3403156550,"Passaic city, Passaic County, New Jersey",34920,2603
0600000US3403157000,3403157000,"Paterson city, Passaic County, New Jersey",36106,1135
0600000US3403160090,3403160090,"Pompton Lakes borough, Passaic County, New Jersey",92952,7286
0600000US3403161170,3403161170,"Prospect Park borough, Passaic County, New Jersey",50938,9914
0600000US3403163150,3403163150,"Ringwood borough, Passaic County, New Jersey",116198,11306
0600000US3403173140,3403173140,"Totowa borough, Passaic County, New Jersey",97729,7327
0600000US3403176730,3403176730,"Wanaque borough, Passaic County, New Jersey",83010,5880
0600000US3403177840,3403177840,"Wayne township, Passaic County, New Jersey",108092,4919
0600000US3403179460,3403179460,"West Milford township, Passaic County, New Jersey",98843,5866
0600000US3403182423,3403182423,"Woodland Park borough, Passaic County, New Jersey",73870,5737
0600000US3403300880,3403300880,"Alloway township, Salem County, New Jersey",71648,13666
0600000US3403310610,3403310610,"Carneys Point township, Salem County, New Jersey",53892,7354
0600000US3403321240,3403321240,"Elmer borough, Salem County, New Jersey",76458,5346
0600000US3403321330,3403321330,"Elsinboro township, Salem County, New Jersey",73523,14478
0600000US3403341640,3403341640,"Lower Alloways Creek township, Salem County, New Jersey",84688,13309
0600000US3403343200,3403343200,"Mannington township, Salem County, New Jersey",81667,13903
0600000US3403354810,3403354810,"Oldmans township, Salem County, New Jersey",78636,14471
0600000US3403357750,3403357750,"Penns Grove borough, Salem County, New Jersey",37188,10946
0600000US3403357870,3403357870,"Pennsville township, Salem County, New Jersey",62134,6419
0600000US3403358530,3403358530,"Pilesgrove township, Salem County, New Jersey",85889,9528
0600000US3403359130,3403359130,"Pittsgrove township, Salem County, New Jersey",77537,12414
0600000US3403361470,3403361470,"Quinton township, Salem County, New Jersey",65515,10382
0600000US3403365490,3403365490,"Salem city, Salem County, New Jersey",25171,5791
0600000US3403375110,3403375110,"Upper Pittsgrove township, Salem County, New Jersey",95489,14404
0600000US3403382720,3403382720,"Woodstown borough, Salem County, New Jersey",76071,12000
0600000US3403504450,3403504450,"Bedminster township, Somerset County, New Jersey",104452,13525
0600000US3403505560,3403505560,"Bernards township, Somerset County, New Jersey",137855,10627
0600000US3403505590,3403505590,"Bernardsville borough, Somerset County, New Jersey",150635,20758
0600000US3403506790,3403506790,"Bound Brook borough, Somerset County, New Jersey",65199,6953
0600000US3403507180,3403507180,"Branchburg township, Somerset County, New Jersey",129237,9342
0600000US3403507720,3403507720,"Bridgewater township, Somerset County, New Jersey",122684,4494
0600000US3403522890,3403522890,"Far Hills borough, Somerset County, New Jersey",112083,25614
0600000US3403524900,3403524900,"Franklin township, Somerset County, New Jersey",93264,4304
0600000US3403527510,3403527510,"Green Brook township, Somerset County, New Jersey",136094,15667
0600000US3403531890,3403531890,"Hillsborough township, Somerset County, New Jersey",119542,5781
0600000US3403543620,3403543620,"Manville borough, Somerset County, New Jersey",67080,4591
0600000US3403546590,3403546590,"Millstone borough, Somerset County, New Jersey",116500,18545
0600000US3403547580,3403547580,"Montgomery township, Somerset County, New Jersey",180660,11972
0600000US3403553280,3403553280,"North Plainfield borough, Somerset County, New Jersey",71895,5941
0600000US3403557300,3403557300,"Peapack and Gladstone borough, Somerset County, New Jersey",129688,29015
0600000US3403561980,3403561980,"Raritan borough, Somerset County, New Jersey",78974,6086
0600000US3403564320,3403564320,"Rocky Hill borough, Somerset County, New Jersey",112917,12012
0600000US3403568460,3403568460,"Somerville borough, Somerset County, New Jersey",72731,5225
0600000US3403568730,3403568730,"South Bound Brook borough, Somerset County, New Jersey",81545,5561
0600000US3403576940,3403576940,"Warren township, Somerset County, New Jersey",154647,10572
0600000US3403577600,3403577600,"Watchung borough, Somerset County, New Jersey",121678,41253
0600000US3403701330,3403701330,"Andover borough, Sussex County, New Jersey",61591,7042
0600000US3403701360,3403701360,"Andover township, Sussex County, New Jersey",101250,27970
0600000US3403707300,3403707300,"Branchville borough, Sussex County, New Jersey",70625,11468
0600000US3403709160,3403709160,"Byram township, Sussex County, New Jersey",104099,4056
0600000US3403724810,3403724810,"Frankford township, Sussex County, New Jersey",87500,10044
0600000US3403724930,3403724930,"Franklin borough, Sussex County, New Jersey",57232,5383
0600000US3403725140,3403725140,"Fredon township, Sussex County, New Jersey",108400,11301
0600000US3403727420,3403727420,"Green township, Sussex County, New Jersey",117563,15479
0600000US3403729220,3403729220,"Hamburg borough, Sussex County, New Jersey",73735,4387
0600000US3403729490,3403729490,"Hampton township, Sussex County, New Jersey",75643,6689
0600000US3403729850,3403729850,"Hardyston township, Sussex County, New Jersey",92625,10065
0600000US3403732910,3403732910,"Hopatcong borough, Sussex County, New Jersey",79613,3933
0600000US3403737440,3403737440,"Lafayette township, Sussex County, New Jersey",96815,7611
0600000US3403747430,3403747430,"Montague township, Sussex County, New Jersey",70329,14835
0600000US3403751930,3403751930,"Newton town, Sussex County, New Jersey",63661,8738
0600000US3403754660,3403754660,"Ogdensburg borough, Sussex County, New Jersey",82500,10480
0600000US3403765700,3403765700,"Sandyston township, Sussex County, New Jersey",80190,6004
0600000US3403769690,3403769690,"Sparta township, Sussex County, New Jersey",133113,7749
0600000US3403770380,3403770380,"Stanhope borough, Sussex County, New Jersey",83813,12734
0600000US3403770890,3403770890,"Stillwater township, Sussex County, New Jersey",86806,15709
0600000US3403771670,3403771670,"Sussex borough, Sussex County, New Jersey",41667,7651
0600000US3403775740,3403775740,"Vernon township, Sussex County, New Jersey",90805,2613
0600000US3403776640,3403776640,"Walpack township, Sussex County, New Jersey",,
0600000US3403776790,3403776790,"Wantage township, Sussex County, New Jersey",92788,13322
0600000US3403905320,3403905320,"Berkeley Heights township, Union County, New Jersey",147614,9676
0600000US3403913150,3403913150,"Clark township, Union County, New Jersey",100192,6684
0600000US3403915640,3403915640,"Cranford township, Union County, New Jersey",122848,8604
0600000US3403921000,3403921000,"Elizabeth city, Union County, New Jersey",45186,1342
0600000US3403922860,3403922860,"Fanwood borough, Union County, New Jersey",132292,27290
0600000US3403925800,3403925800,"Garwood borough, Union County, New Jersey",79063,13277
0600000US3403931980,3403931980,"Hillside township, Union County, New Jersey",65717,4144
0600000US3403936690,3403936690,"Kenilworth borough, Union County, New Jersey",108281,9325
0600000US3403940350,3403940350,"Linden city, Union County, New Jersey",66538,3064
0600000US3403948510,3403948510,"Mountainside borough, Union County, New Jersey",129405,23885
0600000US3403951810,3403951810,"New Providence borough, Union County, New Jersey",129638,16283
0600000US3403959190,3403959190,"Plainfield city, Union County, New Jersey",56425,3418
0600000US3403961530,3403961530,"Rahway city, Union County, New Jersey",69813,4501
0600000US3403964620,3403964620,"Roselle borough, Union County, New Jersey",52480,5911
0600000US3403964650,3403964650,"Roselle Park borough, Union County, New Jersey",67300,4248
0600000US3403966060,3403966060,"Scotch Plains township, Union County, New Jersey",117765,9916
0600000US3403970020,3403970020,"Springfield township, Union County, New Jersey",110547,10163
0600000US3403971430,3403971430,"Summit city, Union County, New Jersey",132443,16533
0600000US3403974480,3403974480,"Union township, Union County, New Jersey",79324,3258
0600000US3403979040,3403979040,"Westfield town, Union County, New Jersey",159923,15228
0600000US3403981650,3403981650,"Winfield township, Union County, New Jersey",59153,5159
0600000US3404100670,3404100670,"Allamuchy township, Warren County, New Jersey",90924,15263
0600000US3404101030,3404101030,"Alpha borough, Warren County, New Jersey",68788,6497
0600000US3404104990,3404104990,"Belvidere town, Warren County, New Jersey",51917,6140
0600000US3404106160,3404106160,"Blairstown township, Warren County, New Jersey",88594,15392
0600000US3404124960,3404124960,"Franklin township, Warren County, New Jersey",90648,18456
0600000US3404125320,3404125320,"Frelinghuysen township, Warren County, New Jersey",106875,12750
0600000US3404128260,3404128260,"Greenwich township, Warren County, New Jersey",109267,6706
0600000US3404128710,3404128710,"Hackettstown town, Warren County, New Jersey",63940,8480
0600000US3404129820,3404129820,"Hardwick township, Warren County, New Jersey",105139,11573
0600000US3404130090,3404130090,"Harmony township, Warren County, New Jersey",87000,15466
0600000US3404133060,3404133060,"Hope township, Warren County, New Jersey",91852,9786
0600000US3404133930,3404133930,"Independence township, Warren County, New Jersey",98589,13493
0600000US3404137320,3404137320,"Knowlton township, Warren County, New Jersey",85652,9713
0600000US3404140110,3404140110,"Liberty township, Warren County, New Jersey",101016,16560
0600000US3404141490,3404141490,"Lopatcong township, Warren County, New Jersey",78153,10708
0600000US3404143320,3404143320,"Mansfield township, Warren County, New Jersey",67491,12584
0600000US3404155530,3404155530,"Oxford township, Warren County, New Jersey",82578,10843
0600000US3404158350,3404158350,"Phillipsburg town, Warren County, New Jersey",49274,4362
0600000US3404159820,3404159820,"Pohatcong township, Warren County, New Jersey",74888,6396
0600000US3404177270,3404177270,"Washington borough, Warren County, New Jersey",64282,12680
0600000US3404177300,3404177300,"Washington township, Warren County, New Jersey",105768,10995
0600000US3404180570,3404180570,"White township, Warren County, New Jersey",63663,5356
